,City,City_id,Cloudiness,Country,Humidity,Latitude,Temparature (Celsius),Windspeed
0,Atoyac,4017987,5,MX,30,20.02,299.15,2.1
1,Campbellton,6696258,88,CA,85,48.0,269.153,3.68
2,Suesca,3667717,40,CO,52,5.1,292.15,6.7
3,Fantino,3505778,20,DO,45,19.12,301.82,4.1
4,Limeira,3458575,40,BR,45,-22.56,303.63,3.1
5,Makrygialos,735348,40,GR,52,40.42,278.15,2.1
6,Tomas Oppus,1681544,0,PH,89,10.25,297.928,3.88
7,Lansdale,5197159,90,US,62,40.24,287.51,3.6
8,Yarumal,3787902,24,CO,100,6.89,288.853,1.33
9,Giarmata,677294,90,RO,85,45.84,268.15,3.6
10,Caridad,1718412,88,PH,100,10.83,297.653,1.63
11,Tambakharjo,6737757,64,ID,100,-6.95,293.978,0.98
12,Thessalon,6164831,90,CA,82,46.25,274.42,1.43
13,Mohnesee,3207377,0,DE,45,51.5,267.65,9.3
14,San Salvador,1690681,0,PH,89,11.0,295.553,2.33
15,Zacamulpa,3827416,5,MX,29,19.36,298.62,3.1
16,Pristen,505154,90,RU,85,51.29,264.15,7.0
17,Ankola,1278551,0,IN,94,14.67,295.903,2.68
18,East Hemet,5344942,1,US,54,33.74,287.36,2.1
19,Maquiling,1701195,76,PH,95,10.78,298.953,2.88
20,Gambela,337405,0,ET,70,8.25,290.103,0.13
21,La Mesa,3707227,0,PA,40,8.15,303.028,2.28
22,Bischofsheim,2948290,0,DE,48,49.99,273.15,7.7
23,Soppeenmäki,636270,0,FI,84,61.55,254.15,1.08
24,Chisindia,682011,88,RO,100,46.28,268.15,4.1
25,Tamamura,1850746,1,JP,44,36.3,277.15,5.38
26,Jenbach,2775093,40,AT,63,47.4,271.15,2.6
27,Salvacion,1690710,80,PH,100,13.02,296.453,1.23
28,Gudermes,558118,92,RU,89,43.39,273.728,6.18
29,Puerto Suárez,3444199,75,BO,94,-18.95,300.15,1.08
30,Ticala-an,1682122,44,PH,94,8.04,293.303,0.98
31,Cataguases,3466698,24,BR,90,-21.4,298.478,1.43
32,Maryville,4639848,90,US,100,35.76,287.13,3.1
33,Richmond,4305974,90,US,93,37.75,287.92,7.7
34,Sadovoye,499535,92,RU,90,47.78,264.203,4.13
35,Itanhaem,3460791,90,BR,78,-24.18,300.12,3.1
36,Manavgat,304854,0,TR,40,36.79,285.15,5.7
37,Szany,3044909,90,HU,73,47.46,266.15,2.1
38,Irakleio,261743,40,GR,71,38.07,284.14,2.1
39,Bundaberg,2173323,8,AU,100,-24.87,299.528,2.58
40,Mehamn,778707,75,NO,92,71.03,269.72,4.1
41,Tournai,2785341,90,BE,37,50.6,274.15,9.3
42,Novaya Usman,519447,90,RU,78,51.64,264.15,7.0
43,Diepoldsau,2661021,0,CH,62,47.38,270.21,3.6
44,Sivas,300619,0,TR,85,39.75,264.15,3.1
45,Iznoski,554776,88,RU,82,54.99,259.678,5.48
46,Kommunar,545788,0,RU,84,59.62,258.15,1.0
47,Mercogliano,3173555,40,IT,63,40.92,285.04,4.1
48,Sidvokodvo,934862,0,SZ,93,-26.62,291.15,0.5
49,Suratgarh,1255361,12,IN,67,29.32,292.428,2.43
50,Colquechaca,3919720,56,BO,86,-18.67,284.653,1.08
51,Pesqueira,3392251,92,BR,83,-8.37,295.703,4.13
52,Parede,2265169,20,PT,71,38.69,285.29,4.1
53,Pargas,642675,0,FI,77,60.3,258.15,1.0
54,Libertad,1706688,0,PH,100,8.25,298.153,1.88
55,Bagnolo Mella,3182500,90,IT,100,45.43,271.15,2.1
56,Warin Chamrap,1605069,8,TH,78,15.19,299.15,1.63
57,Petersberg,6553252,20,DE,45,50.57,268.15,5.1
58,Huichapan,3526923,5,MX,27,20.38,299.15,5.1
59,Syriam,1295395,40,MM,73,16.77,298.15,1.5
60,Saltpond,2295672,8,GH,72,5.2,299.228,2.28
61,Chapayevka,710950,32,UA,80,47.47,263.028,3.88
62,Baia de Aries,685834,0,RO,67,46.38,264.58,2.1
63,Jibert,675266,76,RO,59,46.0,257.478,1.23
64,Damara,2387435,48,CF,65,4.97,299.028,3.58
65,Dipalpur,1179760,48,PK,75,30.67,290.353,1.08
66,Duyun,1811764,92,CN,99,26.27,287.178,1.18
67,Hajdusamson,720280,36,HU,62,47.6,269.15,1.5
68,Akureyri,2633274,90,IS,80,65.67,272.15,2.6
69,Cetariu,682270,20,RO,62,47.13,269.15,1.5
70,Oisterwijk,2749680,90,NL,39,51.58,271.04,9.8
71,Dos Hermanas,1714374,0,PH,89,10.74,295.553,2.33
72,Morro da Fumaca,3456707,68,BR,90,-28.67,298.953,3.43
73,High Valleyfield,2646921,90,GB,86,56.07,272.66,11.3
74,Grakhovo,559073,0,RU,65,56.05,257.15,5.0
75,Dion,735342,40,GR,52,40.17,278.15,2.1
76,Mhango,154002,80,TZ,100,-3.28,291.178,2.43
77,Kepala Batas,1735506,75,MY,88,5.52,300.22,1.5
78,Nerang,2155542,75,AU,78,-27.99,297.15,3.1
79,Taranagar,1254908,8,IN,68,28.67,291.653,2.13
80,Omsukchan,2122493,68,RU,79,62.53,247.353,1.38
81,Lubben,2875625,0,DE,61,51.95,264.72,5.7
82,Barcelona,1726705,32,PH,100,12.87,297.803,2.63
83,Tatebayashi,1850559,1,JP,44,36.25,277.15,7.63
84,Noo,589933,44,EE,61,58.28,263.15,3.1
85,Pale,3193692,75,BA,100,43.82,269.15,1.0
86,Palatine,4905211,40,US,88,42.11,279.52,6.7
87,Craiesti,680340,68,RO,78,46.3,264.9,2.1
88,Osterhofen,2856530,0,DE,74,48.7,262.578,5.03
89,Westwego,4345968,75,US,61,29.91,300.48,6.7
90,Alandur,1279064,40,IN,88,13.0,297.15,1.18
91,Europe,6255148,0,,58,48.7,269.15,4.1
92,Sao Gabriel,3449099,64,BR,56,-30.33,302.403,3.58
93,Banca,685490,76,RO,87,46.3,263.703,1.68
94,Meiersberg,2872306,0,DE,38,51.05,269.5,5.1
95,Chonglan,1677314,75,TW,93,22.89,293.73,3.6
96,Scott Lake,4172294,1,US,48,25.94,301.81,4.1
97,Busembatia,234092,80,UG,97,0.77,290.853,2.43
98,Torbeyevo,482123,0,RU,57,54.08,252.203,3.78
99,Anandnagar,1278682,0,IN,54,27.1,292.678,3.03
100,Ozubulu,2325161,24,NG,73,5.96,300.028,4.28
101,Vsevolozhsk,471101,0,RU,84,60.02,258.15,1.0
102,Obala,2223293,20,CM,88,4.17,296.15,2.08
103,Saint-Cyr-sur-Loire,2980935,0,FR,80,47.4,277.15,5.7
104,Frechen,2925259,0,DE,38,50.92,270.48,5.1
105,Pollachi,1259440,8,IN,57,10.67,298.15,1.5
106,Chapala,4014553,5,MX,27,20.3,299.15,2.1
107,Morki,525262,48,RU,69,56.43,256.528,3.03
108,Elefsina,262752,40,GR,71,38.03,284.06,2.1
109,Kapatagan,1709248,20,PH,88,7.9,295.828,1.18
110,Vairao,4033094,20,PF,66,-17.78,303.15,2.1
111,Gudiyatham,1270800,0,IN,73,12.95,285.803,0.78
112,Arkhaia Korinthos,264638,40,GR,71,37.92,285.15,2.1
113,Mapua,2187365,100,NZ,100,-41.25,287.778,1.03
114,Logan,5777544,90,US,55,41.74,276.38,2.1
115,Tamara,3667516,8,CO,65,5.83,297.928,1.93
116,Parthenay,2988447,0,FR,66,46.65,284.15,3.1
117,Midlothian,4902181,75,US,75,41.63,278.92,8.2
118,Chaykovskiy,569742,32,RU,74,56.77,257.178,3.28
119,Yumbel,3867625,0,CL,33,-37.08,300.39,4.1
120,Shawnee,4551177,1,US,33,35.33,287.87,6.2
121,Palmeirais,3393240,36,BR,97,-5.97,297.278,1.43
122,Orekhovo-Zuyevo,515024,0,RU,76,55.81,255.428,4.38
123,Chalette-sur-Loing,3027531,0,FR,59,48.01,274.15,9.8
124,Bahadurganj,1277836,0,IN,95,26.27,290.953,3.03
125,Takehara,1850860,75,JP,64,34.34,277.15,2.1
126,Taunton,2636177,90,GB,92,51.02,270.19,14.4
127,Issoire,3012664,20,FR,71,45.55,283.14,1.0
128,El Rancho,3610558,1,HN,24,14.68,305.15,2.1
129,Askino,580577,68,RU,87,56.09,260.103,3.48
130,Villers-la-Ville,2784642,75,BE,50,50.58,272.14,7.7
131,Midlands,934282,75,MU,83,-20.33,300.15,4.6
132,Vinstra,3131538,0,NO,42,61.67,246.703,0.63
133,Fosses,3017660,0,FR,59,49.1,274.15,8.2
134,Monteria,3674453,40,CO,44,8.75,308.15,2.6
135,San Jeronimo,3929611,92,PE,98,-11.95,279.478,1.08
136,La Guata,3607830,75,HN,51,15.08,303.15,2.1
137,Guadalupe Victoria,4005380,20,MX,27,24.45,295.15,3.1
138,San Antonio del Tachira,3628549,40,VE,54,7.82,302.15,4.6
139,Carlsbad,5460459,1,US,26,32.42,287.61,1.5
140,Gornyy Shchit,1506244,75,RU,85,56.67,262.15,6.0
141,Tijuana,3981609,1,MX,47,32.53,288.16,2.1
142,Vorotynets,471799,24,RU,44,56.06,247.328,1.23
143,Aglayan,1732050,64,PH,97,8.05,293.478,0.83
144,Barza,685318,76,RO,83,44.33,261.653,1.38
145,Sopur,1255714,88,IN,99,34.4,275.328,0.98
146,Axim,2303611,0,GH,97,4.87,300.903,5.58
147,Banqiao,1670029,75,TW,88,25.0,293.7,2.1
148,Voorhout,2745311,0,NL,49,52.22,270.18,10.3
149,Svetlograd,485698,90,RU,92,45.34,271.15,2.0
150,Neuenhagen,2865716,0,DE,61,52.53,264.66,5.7
151,Sāḩil Ţahţā,349852,0,EG,37,26.77,294.15,1.38
152,Nueva Fuerza,1697464,20,PH,88,9.85,298.15,2.6
153,Schonebeck,2836809,0,DE,68,52.02,263.178,5.63
154,Yatsuzawa,1848440,1,JP,44,35.62,280.11,3.43
155,Wanganui,2179670,92,NZ,88,-39.93,293.278,3.03
156,Vorob’yëvka,472113,92,RU,84,50.64,263.428,5.33
157,Ivry-sur-Seine,6452021,0,FR,59,48.82,274.15,6.7
158,Zyrya,584562,90,AZ,87,40.4,281.15,3.1
159,Haysville,4272788,1,US,18,37.56,285.35,7.2
160,Croydon,5186053,90,US,51,40.09,287.15,5.1
161,San Juan,1689341,8,PH,95,10.39,294.828,1.43
162,Casiguran,1718154,32,PH,100,12.87,297.803,2.63
163,Kirakira,2178753,68,SB,100,-10.45,300.703,5.68
164,Toboso,1681656,20,PH,88,10.71,298.15,2.6
165,Berehomet,712430,20,UA,79,48.18,251.903,1.08
166,Siogui Arriba,3700931,20,PA,52,8.53,305.15,4.6
167,Xenia,4528810,90,US,87,39.68,281.01,7.7
168,Dornoch,2651088,20,GB,73,57.87,271.58,5.1
169,Dingle,1714733,0,PH,90,11.0,296.978,3.43
170,Tampico,3516354,75,MX,74,22.3,299.15,10.3
171,Simiti,3668012,0,CO,39,7.96,307.953,1.53
172,Liezen,2772480,48,AT,67,47.57,266.15,3.6
173,Saharsa,1257804,0,IN,70,25.88,291.978,2.53
174,Pachalum,3591955,20,GT,47,14.92,298.15,6.2
175,Polovinnoye,1494523,56,RU,81,54.79,260.953,5.08
176,Sampit,1628884,88,ID,95,-2.53,295.553,1.23
177,Falticeni,678459,0,RO,77,47.45,259.15,0.78
178,Tuebingen,2820860,0,DE,58,48.53,269.15,4.1
179,Albina,3384792,68,SR,72,5.5,300.178,1.93
180,Goragorskiy,560325,92,RU,100,43.5,273.553,5.48
181,Pennsauken,4503548,90,US,58,39.96,286.69,3.6
182,Poienesti,670006,75,RO,72,46.62,262.08,3.6
183,Trenggalek,1623251,80,ID,99,-8.05,294.728,0.88
184,Bilao,1725297,100,PH,99,11.49,296.428,1.18
185,Aigle,2661834,0,CH,86,46.32,271.07,1.5
186,Sofiyivka,693325,0,UA,72,48.05,261.15,5.0
187,Ives Estates,4159896,40,US,45,25.96,301.81,4.1
188,Usvyaty,477774,92,RU,84,55.75,261.553,5.83
189,Mettuppalaiyam,1263104,0,IN,88,11.17,297.15,1.0
190,Alnashi,582423,12,RU,72,56.19,255.928,3.53
191,Manaskent,529608,90,RU,93,42.74,278.15,2.0
192,Talpa de Allende,3982589,5,MX,69,20.38,297.15,4.1
193,Corozal,3582305,40,BZ,62,18.38,302.15,7.2
194,Camandag,1719908,8,PH,95,10.33,294.828,1.43
195,Seram,1256814,0,IN,48,17.18,292.278,2.08
196,Zarubino,464468,0,RU,71,58.73,254.353,2.58
197,Santa Maria Petapa,3517220,0,MX,36,16.82,304.803,2.98
198,Blagodatnoye,712092,0,UA,89,47.7,264.153,4.13
199,Saa,2222366,20,CM,88,4.37,296.15,2.08
200,Kuzedeyevo,1501118,48,RU,61,53.33,257.528,4.63
201,Goose Creek,4580098,75,US,61,32.98,296.94,7.7
202,Batuan,1726064,20,PH,88,9.78,298.15,2.6
203,Tlanalapa,3515399,5,MX,29,19.82,297.15,3.1
204,Jevnaker,3150842,0,NO,62,60.25,253.703,1.08
205,Manaskent,529608,90,RU,93,42.74,278.15,2.0
206,Bree,2801093,24,BE,46,51.13,271.15,8.7
207,Fonds de Lavois,2798202,75,BE,50,50.25,272.14,7.7
208,Kroken,6946003,0,NO,50,61.13,249.803,1.03
209,Sremska Mitrovica,3190103,75,RS,85,44.98,267.15,4.6
210,Hanley Hills,4389411,20,US,62,38.67,284.47,7.2
211,Pueblo Nuevo,3702464,20,PA,52,8.57,305.15,4.6
212,Armenia,1730159,0,PH,100,12.25,298.528,3.43
213,Icoana,675759,76,RO,78,44.42,265.15,2.6
214,Cabaiguan,3566603,20,CU,42,22.08,301.15,3.1
215,Palm City,4167536,40,US,51,27.17,302.57,4.6
216,Novodvinsk,518909,90,RU,92,64.42,265.15,2.0
217,Moss Vale,2156777,75,AU,77,-34.55,291.15,2.1
218,Milton,4944193,1,US,69,42.25,286.77,3.58
219,Lipnita,674735,44,RO,82,44.1,261.953,2.23
220,Hoshiarpur,1269937,64,IN,81,31.53,284.728,1.03
221,Obshtina Dospat,732012,76,BG,82,41.65,266.203,0.78
222,Ngara,151711,92,TZ,99,-2.51,289.103,0.78
223,Mainit,1703521,8,PH,96,8.84,297.703,0.98
224,Baoshan,2038438,0,CN,66,46.56,259.953,6.68
225,San Martin Hidalgo,3985504,5,MX,23,20.45,299.15,2.1
226,Heze,1808198,32,CN,88,35.24,274.728,4.93
227,Gerpinnes,2797598,75,BE,50,50.33,272.75,7.7
228,Bazna,685233,68,RO,78,46.2,264.8,2.1
229,Santiago,3436943,92,PY,85,-27.15,298.178,1.23
230,Hosangadi,1269945,0,IN,50,13.7,293.103,1.78
231,Danli,3612907,20,HN,34,14.03,300.15,5.1
232,Cuca,680054,80,RO,75,45.73,258.528,1.28
233,Istria,675471,44,RO,92,44.57,262.08,2.1
234,Ergolding,2929650,0,DE,62,48.58,267.15,5.1
235,Oidtweiler,2857539,0,DE,42,50.9,271.03,12.3
236,Kamalapuram,1268277,0,IN,62,14.58,288.703,1.43
237,Avenel,5095325,1,US,50,40.58,287.53,3.6
238,Mugur-Aksy,1498283,44,RU,66,50.35,264.153,3.93
239,Scholkine,7522123,0,UA,100,45.43,271.403,6.88
240,Kilingi,591382,48,EE,75,58.15,259.903,5.18
241,Sullaca,3928317,75,PE,52,-13.0,294.15,1.5
242,Serrapio,3109073,40,ES,65,43.16,278.06,9.3
243,Rigaud,6122288,90,CA,74,45.47,274.83,2.1
244,Bryukhovychi,711359,0,UA,77,49.9,256.15,2.0
245,Eravur Town,1246924,48,LK,100,7.77,298.403,0.53
246,Didi-Goridzhvari,614951,92,GE,81,41.97,270.978,5.33
247,Nozhay-Yurt,516780,92,RU,89,43.09,273.728,6.18
248,Balaciu de Sus,685714,64,RO,85,44.63,265.65,2.1
249,Ḩawallī,285629,8,KW,77,29.33,292.15,2.1
250,Sibirskiy,1538642,56,RU,76,53.58,253.15,8.0
251,Albu Kamal,174448,12,SY,67,34.45,282.278,1.38
252,Hantsport,5970414,90,CA,98,45.07,275.15,8.2
253,Malabor,1703315,0,PH,100,11.27,298.603,4.23
254,Duran,1714030,100,PH,99,11.26,296.428,1.18
255,Loreto,1705552,88,PH,94,8.19,296.778,1.03
256,Ara,1278483,0,IN,65,25.57,293.278,3.23
257,Horlivka,707753,44,UA,89,48.35,266.278,3.78
258,Pueblo Nuevo,3702464,20,PA,52,8.57,305.15,4.6
259,El Giral,3710808,40,PA,46,9.25,304.63,2.6
260,Pilot Butte,6104745,20,CA,62,50.47,267.15,2.6
261,Kilindoni,157429,80,TZ,100,-7.92,299.028,5.48
262,Profitis Ilias,254599,20,GR,87,35.2,284.15,2.1
263,De Hulst,2799754,0,BE,36,50.95,271.59,6.7
264,Walla Walla,5814916,90,US,80,46.06,281.42,7.7
265,Gameza,3682172,68,CO,80,5.8,286.328,0.88
266,Mangulile,3605053,0,HN,33,15.07,301.453,1.38
267,Matveyev Kurgan,528495,88,RU,92,47.56,269.903,1.68
268,Kasama,2112343,0,JP,41,36.38,279.66,1.0
269,Chelmsford,4932869,1,US,48,42.6,285.16,2.6
270,Twante,1290374,40,MM,73,16.72,298.15,1.5
271,Tobol,1518139,0,KZ,73,52.68,253.803,3.83
272,Barauli,1277053,8,IN,58,26.4,293.528,3.23
273,Quinagaringan,1692100,100,PH,99,11.12,296.428,1.18
274,San Agustin,1690512,68,PH,100,13.28,296.028,0.78
275,Purranque,3874579,40,CL,49,-40.92,294.01,1.5
276,Harrismith,997751,64,ZA,97,-28.27,287.328,1.38
277,Wellington,1252887,0,IN,57,11.37,298.15,1.5
278,Novoukrainskiy,517769,80,RU,100,44.89,270.15,3.0
279,Bhagwantnagar,1276275,36,IN,82,26.23,293.15,2.48
280,Tatsuno,1850499,20,JP,74,34.87,276.653,4.38
281,Sindgi,1256214,0,IN,39,16.92,291.278,0.98
282,Villa Rosario,3700070,40,PA,46,8.78,304.61,2.6
283,Eikelandsosen,3158558,0,NO,100,60.28,259.603,0.98
284,Matacina,673700,68,RO,60,45.88,257.803,1.23
285,Anina,686324,75,RO,85,45.14,269.15,2.6
286,Monte Plata,3496134,40,DO,66,18.8,301.38,3.1
287,Itirucu,3460549,0,BR,49,-13.52,301.928,3.88
288,Artesia,5324862,40,US,54,33.87,286.96,2.6
289,Moustheni,735034,90,GR,100,40.88,276.15,2.1
290,Junagarh,1268772,0,IN,69,19.87,289.703,0.38
291,Raub,1732663,68,MY,94,3.79,294.453,0.93
292,Schagen,2747720,90,NL,58,52.79,269.4,16.5
293,Zhongshanzhuang,6748079,75,TW,93,24.11,292.15,2.1
294,Koronadal,1708522,0,PH,100,6.5,295.328,1.18
295,Keerbergen,2794619,0,BE,36,51.0,271.9,6.7
296,Baldwin,5178940,90,US,93,40.34,282.87,5.1
297,Antiguo Cuscatlan,3587362,40,SV,37,13.67,303.95,4.6
298,Shalakusha,495983,92,RU,80,62.22,260.153,1.48
299,Stara Zagora,726848,76,BG,83,42.43,262.953,0.58
300,Dyersburg,4619800,90,US,67,36.03,290.36,7.2
301,Ipora,3461089,56,BR,96,-23.98,298.203,1.68
302,Bharthana,1276103,76,IN,59,26.76,293.303,1.33
303,Onnaing,2989506,90,FR,37,50.39,273.81,8.7
304,Elmira,5948045,90,CA,74,43.6,274.64,7.7
305,Teopantlan,3515939,0,MX,32,18.72,303.178,2.08
306,Jibou,675261,0,RO,67,47.27,266.13,3.6
307,Cabalawan,1721953,20,PH,88,10.74,298.15,2.6
308,Walker Mill,4372623,90,US,71,38.88,285.15,2.1
309,Vetapalem,1253220,0,IN,100,15.78,298.303,3.18
310,Manaquiri,3663524,40,BR,55,-3.32,305.53,1.5
311,Plainfield Village,7257398,1,US,62,41.68,287.46,3.1
312,Kynopiastai,2463670,75,GR,62,39.57,286.15,6.2
313,Binantocan,1724833,92,PH,90,11.41,298.853,3.38
314,Hailey,5594956,90,US,86,43.52,270.15,1.53
315,Kamar Mushani,1175125,92,PK,100,32.67,286.578,0.68
316,Chicalim,1274270,0,IN,100,15.4,295.203,2.68
317,Auburn,4956976,1,US,43,44.1,282.47,3.1
318,Zistersdorf,2760510,75,AT,73,48.53,265.9,7.2
319,Canhotinho,3403360,92,BR,94,-8.88,295.703,2.58
320,Baruipur,1276832,0,IN,78,22.35,295.15,3.93
321,Peresichna,697676,90,UA,85,50.02,265.15,5.0
322,Westland,5014681,90,US,100,42.32,273.88,7.2
323,Hulin,3074731,20,CZ,72,49.31,264.65,4.1
324,Valasske Klobouky,3063448,40,CZ,66,49.14,265.5,0.5
325,Svetlograd,485698,90,RU,92,45.34,271.15,2.0
326,Baro,1726627,0,PH,94,15.98,292.728,1.33
327,Planovskoye,509139,75,RU,92,43.4,273.15,2.0
328,Bedford,4673094,40,US,67,32.84,288.01,6.2
329,San Luis Tehuiloyacan,3518479,0,MX,33,19.03,296.953,1.33
330,Quatre Soeurs,934127,75,MU,83,-20.3,300.15,4.6
331,Gardner,4271935,1,US,23,38.81,285.0,7.7
332,Fantanele,678159,80,RO,78,46.42,264.15,2.1
333,Broadstairs,2654635,75,GB,100,51.37,274.16,10.8
334,Charkhi Dadri,1274571,88,IN,61,28.6,291.928,1.28
335,Aiken,4569067,90,US,57,33.56,299.69,8.7
336,Chiautempan,3517742,0,MX,33,19.32,296.953,1.33
337,Miandowab,124085,0,IR,88,36.97,272.978,2.53
338,Celaya,4014875,5,MX,27,20.52,299.15,5.1
339,Monzon,3116224,92,ES,93,41.91,282.15,5.7
340,Comitancillo,3598025,40,GT,43,15.08,306.15,8.2
341,Pacayas,3622648,20,CR,42,9.81,300.6,5.1
342,Lodwar,189280,48,KE,84,3.12,294.828,2.33
343,Moires,256842,20,GR,87,35.05,284.15,2.6
344,Shorko,1164987,36,PK,99,31.91,287.828,1.53
345,Canas,3624468,20,CR,36,10.43,306.15,6.7
346,Kassiopi,2463701,75,GR,62,39.79,286.15,6.7
347,Tonstad,3134327,0,NO,44,58.67,266.15,2.6
348,Santiago,1687827,20,PH,88,10.59,298.15,2.6
349,Issoudun,3012655,0,FR,81,46.95,279.15,4.1
350,Gabu,2372532,0,GW,43,12.28,301.703,2.68
351,Villamor,1679879,0,PH,100,6.7,295.328,1.18
352,Schwalbach am Taunus,2835381,0,DE,53,50.15,270.44,7.7
353,Rio Largo,3390288,75,BR,94,-9.48,298.15,4.6
354,Dubna,564723,92,RU,83,54.15,260.653,5.58
355,New Brunswick,5101717,1,US,50,40.49,287.44,3.6
356,Seydi,1218420,0,TM,92,39.42,279.078,3.43
357,Viroflay,2967934,0,FR,59,48.8,274.15,6.7
358,Pyrgetos,255196,68,GR,100,39.58,273.778,0.28
359,Petrovice u Karvine,3068345,8,CZ,61,49.9,264.15,3.1
360,Fuchu,1864154,1,JP,44,35.64,279.95,3.43
361,Port Hueneme,5384339,20,US,51,34.15,287.29,5.1
362,El Reno,4535783,1,US,33,35.53,287.15,5.7
363,Radovanu,669244,76,RO,73,44.2,265.64,1.0
364,Neyshabur,122285,20,IR,98,36.21,276.578,2.38
365,Tlacolula de Matamoros,3515484,5,MX,27,16.95,299.15,1.48
366,Vanino,2119932,88,RU,90,49.06,267.653,8.73
367,Himaya,1711707,8,PH,95,10.45,294.828,1.43
368,Nivala,644499,88,FI,82,63.92,261.078,1.18
369,Rivne,695365,64,UA,78,48.25,261.353,5.58
370,Petrokhorion,734672,90,GR,85,41.12,276.15,2.6
371,Gisenyi,202905,76,RW,100,-1.7,287.953,0.38
372,Galgamacsa,3052417,90,HU,85,47.7,267.15,3.6
373,Barand,722555,64,HU,62,47.3,269.15,1.5
374,Kez,550902,92,RU,81,57.9,261.928,3.93
375,Hostert,2960427,75,LU,39,49.65,271.15,4.6
376,Sagay,1691150,76,PH,95,10.94,298.953,2.88
377,Nawalgarh,1261613,32,IN,69,27.85,291.053,3.03
378,Gemeente Alphen aan den Rijn,2759874,0,NL,49,52.14,270.18,10.3
379,Jafarpur,1348944,0,IN,78,22.32,295.15,3.93
380,Greytown,1000006,92,ZA,98,-29.06,289.903,1.08
381,Birstonas,600443,90,LT,78,54.62,263.15,2.6
382,Sicamous,6147353,75,CA,80,50.83,274.15,0.78
383,Tabaan,1685125,0,PH,94,16.3,292.728,1.33
384,Palagao Norte,1696360,24,PH,97,18.04,293.653,1.23
385,Alagoinha,3408094,76,BR,87,-6.93,297.703,3.68
386,Magura Ilvei,674124,0,RO,68,47.38,253.578,0.88
387,Berat,3186084,92,AL,96,40.71,277.153,1.78
388,Rupnagar,1257951,12,IN,78,30.97,282.978,1.23
389,Pelaya,3672599,0,CO,38,8.69,307.478,1.93
390,Laktasi,3196792,90,BA,92,44.91,267.15,3.1
391,Nitchidorf,672185,90,RO,85,45.58,268.68,3.6
392,Palapag,1696234,0,PH,99,12.55,300.153,4.23
393,Cuilapan de Guerrero,3529915,5,MX,27,17.0,299.15,1.48
394,Skotterud,3138532,0,NO,80,59.95,257.678,1.88
395,Loum,2229152,80,CM,100,4.72,293.928,1.18
396,Fresno,3682330,36,CO,56,5.15,299.028,1.08
397,Harper,2276492,20,LR,94,4.38,301.328,3.73
398,Camiri,3922414,75,BO,65,-20.05,299.15,1.58
399,Moskovskoye,524907,90,RU,92,45.28,271.15,2.0
400,Tecoanapa,3516171,0,MX,58,16.52,302.703,3.58
401,Asahi,6416230,75,JP,64,34.07,277.15,2.1
402,Mironov,526331,92,RU,97,47.33,268.728,3.93
403,Nanyuki,184433,80,KE,95,0.02,285.328,0.63
404,Periyapatti,1259875,0,IN,57,10.75,298.15,1.5
405,Zilupe,453850,76,LV,80,56.38,261.178,5.73
406,Ghiroda,677313,90,RO,85,45.76,268.51,3.6
407,Ikskile,459598,90,LV,67,56.83,267.15,5.1
408,Yukamenskoye,466674,8,RU,78,57.89,259.303,3.08
409,Los Altos,5368335,90,US,87,37.39,285.33,6.2
410,Yablonovskiy,469844,75,RU,86,44.99,271.15,2.0
411,Tiszadada,714782,24,HU,74,48.03,262.153,2.23
412,Beddeng,1725642,20,PH,83,14.98,299.15,1.0
413,Tovacov,3064143,20,CZ,72,49.43,264.63,4.1
414,Tassin-la-Demi-Lune,2973317,90,FR,81,45.75,278.89,3.6
415,Schwabisch Gmund,2835482,0,DE,58,48.8,268.79,4.1
416,Gubbi,1270824,0,IN,55,13.31,290.028,4.08
417,La Sarrosa,3607003,20,HN,43,15.23,306.15,0.88
418,Wilbraham,4955635,90,US,33,42.12,288.01,3.1
419,Lamak,1707857,0,PH,89,10.4,297.928,3.88
420,Patnos,302819,75,TR,86,39.23,276.15,1.5
421,Jrashen,616722,90,AM,86,40.79,272.15,0.33
422,Ixmiquilpan,3526708,12,MX,40,20.48,298.103,3.68
423,Ratzeburg,2850132,0,DE,67,53.7,266.67,6.7
424,Gorbunki,560255,0,RU,84,59.82,258.15,1.0
425,Zwijndrecht,2783081,0,BE,36,51.22,271.82,7.7
426,Assenede,2803026,90,BE,42,51.23,272.16,9.3
427,Tovarkovskiy,481938,92,RU,82,53.64,260.778,5.58
428,Obernai,2989796,90,FR,64,48.46,273.21,4.6
429,Sint-Laureins,2786626,20,BE,62,51.25,272.68,10.3
430,Hosakote,1269947,0,IN,47,14.28,291.603,4.13
431,Cioroiasu,681645,92,RO,78,44.08,265.15,2.6
432,Santana,3450031,0,BR,34,-14.47,303.303,3.88
433,Leiyang,1804208,76,CN,100,26.4,286.728,3.33
434,Leuna,2878350,0,DE,61,51.32,265.15,7.7
435,Chonglan,1677314,75,TW,93,22.9,293.72,3.6
436,Grecesti,676762,92,RO,78,44.45,265.15,2.6
437,Strabychovo,692465,40,UA,72,48.39,264.15,1.18
438,Alcaudete,2522137,40,ES,66,37.59,284.15,9.8
439,Radenci,3192139,90,SI,85,46.65,265.15,1.0
440,Thiruthani,1254342,40,IN,88,13.18,297.15,1.23
441,Coacoatzintla,3530564,0,MX,35,19.63,301.028,1.43
442,Povarovo,505824,0,RU,71,56.07,261.87,6.0
443,Banting,1734781,75,MY,88,2.82,298.57,2.1
444,Umarga,1253870,8,IN,53,17.83,291.703,1.88
445,Big Bend,935113,0,SZ,93,-26.82,291.15,0.5
446,Middelfart Kommune,2616932,20,DK,62,55.5,269.41,8.7
447,Ben Tre,1587976,8,VN,98,10.23,297.728,2.33
448,Meliki,735235,40,GR,55,40.52,277.15,2.1
449,Yordan Yovkovo,725505,0,BG,74,43.57,271.15,2.6
450,Babadag,685997,44,RO,85,44.9,262.27,1.5
451,Askim,3162651,75,NO,61,59.58,263.15,4.1
452,Ponyri,506598,90,RU,85,52.32,264.15,7.0
453,Salamanca,3111108,40,ES,70,40.97,279.15,16.5
454,La Linea de la Concepcion,2515812,80,ES,67,36.17,289.73,13.9
455,Ciuchici,681483,75,RO,85,44.88,269.15,2.6
456,Sikka,1256333,0,IN,90,22.43,291.428,2.78
457,Tadepalle,1255265,0,IN,90,16.47,293.153,1.78
458,Okondja,2396898,24,GA,83,-0.68,297.428,1.63
459,Amravati,1278718,0,IN,56,20.93,292.328,1.03
460,Neuenkirch,2659489,90,CH,85,47.1,269.73,0.5
461,Virar,1253133,0,IN,54,19.35,302.15,2.6
462,San Ramon,3621644,20,CR,42,10.09,300.57,5.1
463,Shibganj,1185108,0,BD,85,24.68,290.678,1.28
464,Wetaskiwin,6179602,75,CA,68,52.97,269.15,11.8
465,Khomutovka,549617,80,RU,88,51.92,266.903,8.13
466,Bruinisse,2758186,90,NL,42,51.65,271.32,9.3
467,Cholula,3530757,0,MX,33,19.07,296.953,1.33
468,Elliot Lake,5947866,1,CA,74,46.38,275.15,4.6
469,Rijnsburg,2748104,0,NL,49,52.2,270.18,10.3
470,Burg bei Magdeburg,2941501,0,DE,68,52.27,263.178,5.63
471,East Millcreek,5774301,90,US,56,40.7,276.95,9.3
472,Soconusco,3516611,5,MX,49,17.97,306.15,7.7
473,Dasoguz,601734,90,TM,94,41.83,275.65,5.1
474,Paracambi,3455170,20,BR,70,-22.61,302.5,5.1
475,Cartersville,4186531,90,US,99,34.16,287.88,2.1
476,Puerto Galera,1692688,36,PH,97,13.5,297.728,1.88
477,Cuajinicuilapa,3530046,0,MX,92,16.47,301.053,5.23
478,Libacao,1706758,8,PH,95,10.18,294.828,1.43
479,Al Khawr,289962,0,QA,68,25.68,295.15,3.1
480,North Pembroke,4945700,1,US,66,42.07,285.68,3.1
481,Lemoore,5365918,90,US,87,36.3,283.99,6.2
482,Ngemplak,1933316,36,ID,99,-7.31,294.728,1.08
483,Horomerice,3075127,0,CZ,61,50.13,265.72,4.1
484,Arnia,1278373,40,IN,82,32.52,290.15,6.2
485,Kiboga,231550,24,UG,93,0.92,291.728,0.98
486,Goodlettsville,4625282,90,US,87,36.32,287.95,6.7
487,Ghatsila,1271319,0,IN,73,22.6,290.303,0.63
488,Velingara,2244177,8,SN,37,13.15,302.978,3.68
489,Muskego,5264049,75,US,56,42.91,277.38,6.2
490,Kalayaan,1709650,75,PH,94,14.35,300.15,0.5
491,Imelda,1710950,8,PH,96,7.65,291.103,0.93
492,Aqsu,1526271,0,KZ,60,52.46,251.328,4.13
493,Um Jar Al Gharbiyya,364949,0,SD,19,13.82,297.453,5.53
494,Aklavik,5882953,40,CA,69,68.22,249.47,1.5
495,Kaputa,176758,68,ZM,97,-8.47,291.528,2.08
496,La Ermita,4024861,0,MX,27,20.41,301.653,1.23
497,Fort-Shevchenko,609906,92,KZ,97,44.52,278.428,6.78
498,Mahayag,1703599,8,PH,96,7.22,294.903,1.38
